{"cameraMode":{"drawMode":0,"name":"Shaded","section":"Shading Mode"},"sceneLighting":true,"audioPlay":false,"sceneViewState":{"m_AlwaysRefresh":false,"showFog":true,"showSkybox":true,"showFlares":true,"showImageEffects":true,"showParticleSystems":true,"showVisualEffectGraphs":true,"m_FxEnabled":true},"in2DMode":false,"pivot":{"x":29.825220108032228,"y":4.331043243408203,"z":3.787618398666382},"rotation":{"x":0.23496247828006745,"y":-0.10126084834337235,"z":0.02461273781955242,"w":0.9664098024368286},"size":1.6779282093048096,"orthographic":false}