{"cameraMode":{"drawMode":0,"name":"Shaded","section":"Shading Mode"},"sceneLighting":true,"audioPlay":false,"sceneViewState":{"m_AlwaysRefresh":false,"showFog":true,"showSkybox":true,"showFlares":true,"showImageEffects":true,"showParticleSystems":true,"showVisualEffectGraphs":true,"m_FxEnabled":true},"in2DMode":false,"pivot":{"x":5.369629383087158,"y":20.615764617919923,"z":-19.34315299987793},"rotation":{"x":0.33953148126602175,"y":0.02031479775905609,"z":-0.00734182633459568,"w":0.9403534531593323},"size":12.965264320373536,"orthographic":false}