{"cameraMode":{"drawMode":0,"name":"Shaded","section":"Shading Mode"},"sceneLighting":false,"audioPlay":false,"sceneViewState":{"m_AlwaysRefresh":false,"showFog":true,"showSkybox":false,"showFlares":true,"showImageEffects":true,"showParticleSystems":true,"showVisualEffectGraphs":true,"m_FxEnabled":true},"in2DMode":false,"pivot":{"x":17.287517547607423,"y":7.649999618530273,"z":20.33688735961914},"rotation":{"x":0.008286788128316403,"y":-0.9897557497024536,"z":0.12719306349754334,"w":0.0645328015089035},"size":0.8660252690315247,"orthographic":false}