{"cameraMode":{"drawMode":0,"name":"Shaded","section":"Shading Mode"},"sceneLighting":false,"audioPlay":false,"sceneViewState":{"m_AlwaysRefresh":false,"showFog":true,"showSkybox":false,"showFlares":true,"showImageEffects":true,"showParticleSystems":true,"showVisualEffectGraphs":true,"m_FxEnabled":true},"in2DMode":false,"pivot":{"x":16.700214385986329,"y":7.539421081542969,"z":20.495014190673829},"rotation":{"x":0.020925918594002725,"y":-0.9790701270103455,"z":0.14077895879745484,"w":0.14557811617851258},"size":1.9125986099243165,"orthographic":false}