{"cameraMode":{"drawMode":0,"name":"Shaded","section":"Shading Mode"},"sceneLighting":true,"audioPlay":false,"sceneViewState":{"m_AlwaysRefresh":false,"showFog":true,"showSkybox":true,"showFlares":true,"showImageEffects":true,"showParticleSystems":true,"showVisualEffectGraphs":true,"m_FxEnabled":true},"in2DMode":false,"pivot":{"x":2.2729551792144777,"y":19.564096450805665,"z":-21.074609756469728},"rotation":{"x":0.3983308672904968,"y":-0.1036670058965683,"z":0.045358069241046908,"w":0.9102436900138855},"size":0.001232344307936728,"orthographic":false}